name,datetime,tempmax,tempmin,temp,feelslikemax,feelslikemin,feelslike,dew,humidity,precip,precipprob,precipcover,preciptype,snow,snowdepth,windgust,windspeed,winddir,sealevelpressure,cloudcover,visibility,solarradiation,solarenergy,uvindex,severerisk,sunrise,sunset,moonphase,conditions,description,icon,stations
new york city,2019-06-01,25.6,19.2,21.4,25.6,19.2,21.4,14.1,64.1,0,0,0,,0,0,68.4,19.7,36.8,1009.8,11.6,15.9,237.6,20.6,8,,2019-06-01T05:27:15,2019-06-01T20:20:51,0.94,Clear,Clear conditions throughout the day.,clear-day,"72505394728,72055399999,KLGA,KJRB,KNYC,F1417,72503014732"
new york city,2019-06-02,28.7,17.9,21.8,28.2,17.9,21.7,16,72.5,9.92,100,16.67,rain,0,0,57.2,14.8,250.2,1006.6,27.9,15.4,257.1,21.9,8,,2019-06-02T05:26:49,2019-06-02T20:21:35,0.98,"Rain, Partially cloudy",Becoming cloudy in the afternoon with late afternoon rain.,rain,"72505394728,72055399999,KLGA,KJRB,KNYC,F1417,72503014732"
new york city,2019-06-03,23.2,15.6,18.9,23.2,15.6,18.9,6.6,47.1,0.23,100,4.17,rain,0,0,72.2,21.9,270,1012.3,25,16,309,26.5,10,,2019-06-03T05:26:26,2019-06-03T20:22:17,0,"Rain, Partially cloudy",Partly cloudy throughout the day with morning rain.,rain,"72505394728,72055399999,KLGA,KJRB,KNYC,F1417,72503014732"
new york city,2019-06-04,22.8,13.8,18.1,22.8,13.8,18.1,6.2,46.2,0,0,0,,0,0,90.7,19.9,252.5,1018.5,2.6,16,334.3,28.9,10,,2019-06-04T05:26:05,2019-06-04T20:22:57,0.04,Clear,Clear conditions throughout the day.,clear-day,"72505394728,72055399999,KLGA,KJRB,KNYC,F1417,72503014732"
new york city,2019-06-05,27.8,17.9,22.1,28.3,17.9,22.1,15,65.2,0.469,100,4.17,rain,0,0,57.4,15,241.9,1011.8,42,15.9,215.9,18.5,9,,2019-06-05T05:25:45,2019-06-05T20:23:37,0.08,"Rain, Partially cloudy",Partly cloudy throughout the day with late afternoon rain.,rain,"72505394728,72055399999,KLGA,KJRB,KNYC,F1417,72503014732"
new york city,2019-06-06,28.8,20.7,24.5,29.5,20.7,24.7,18.1,70.3,3.562,100,12.5,rain,0,0,64.8,18.1,259.5,1007.1,62.2,15.2,219.7,18.8,8,,2019-06-06T05:25:28,2019-06-06T20:24:15,0.12,"Rain, Partially cloudy",Partly cloudy throughout the day with rain.,rain,"72505394728,72055399999,KLGA,KJRB,KNYC,F1417,72503014732"
new york city,2019-06-07,26.2,18,22.1,26.2,18,22.1,16,69.2,0.929,100,12.5,rain,0,0,90.7,21.5,60.7,1013.1,9.8,16,239,20.9,9,,2019-06-07T05:25:12,2019-06-07T20:24:51,0.15,Rain,Clear conditions throughout the day with rain.,rain,"72505394728,72055399999,KLGA,KJRB,KNYC,F1417,72503014732"
new york city,2019-06-08,27.1,16.8,21.4,26.8,16.8,21.4,12.3,59.9,0.46,100,8.33,rain,0,0,50.6,26.9,61.1,1020.2,1,15.4,313.6,27.1,9,,2019-06-08T05:24:59,2019-06-08T20:25:27,0.19,Rain,Clear conditions throughout the day with rain in the morning and afternoon.,rain,"72505394728,72055399999,KLGA,KJRB,KNYC,F1417,72503014732"
new york city,2019-06-09,24.9,17.1,20.6,24.9,17.1,20.6,9.8,51.5,0.469,100,4.17,rain,0,0,50,23.6,61.3,1025.5,0.9,16,337.9,29.2,10,,2019-06-09T05:24:47,2019-06-09T20:26:00,0.22,Rain,Clear conditions throughout the day with afternoon rain.,rain,"72505394728,72055399999,KLGA,KJRB,KNYC,F1417,72503014732"
new york city,2019-06-10,20.7,16.1,18.2,20.7,16.1,18.2,15.8,86.8,9.051,100,37.5,rain,0,0,29.5,25.7,42.2,1018.1,77.9,10.4,49.5,4.2,2,,2019-06-10T05:24:37,2019-06-10T20:26:33,0.25,"Rain, Partially cloudy",Partly cloudy throughout the day with rain.,rain,"72505394728,72055399999,KLGA,KJRB,KNYC,F1417,72503014732"
new york city,2019-06-11,26.6,18.3,22.1,26.6,18.3,22.1,13.7,64.1,5.401,100,20.83,rain,0,0,86.8,16.8,298.2,1013,36,14.5,307.1,26.6,10,,2019-06-11T05:24:30,2019-06-11T20:27:03,0.3,"Rain, Partially cloudy",Clearing in the afternoon with a chance of rain throughout the day.,rain,"72505394728,72055399999,KLGA,KJRB,KNYC,F1417,72503014732"
new york city,2019-06-12,23.8,16.6,20.1,23.8,16.6,20.1,9.7,51.9,0,0,0,,0,0,63,20.1,139.6,1021.3,2.1,16,309.5,26.7,9,,2019-06-12T05:24:24,2019-06-12T20:27:32,0.33,Clear,Clear conditions throughout the day.,clear-day,"72505394728,72055399999,KLGA,KJRB,KNYC,F1417,72503014732"
new york city,2019-06-13,19.2,15.5,17.6,19.2,15.5,17.6,13.6,77.7,15.341,100,29.17,rain,0,0,57.2,41.1,53.4,1011.1,54.7,14.4,180.5,15.6,9,,2019-06-13T05:24:21,2019-06-13T20:28:00,0.37,"Rain, Partially cloudy",Partly cloudy throughout the day with rain.,rain,"D9152,72505394728,72055399999,KLGA,KJRB,KNYC,F1417,72503014732"
new york city,2019-06-14,23.8,15.6,19.3,23.8,15.6,19.3,11.5,64.1,1.173,100,20.83,rain,0,0,94.6,28.6,262.4,1012.2,49.2,15.8,236.1,20.5,7,,2019-06-14T05:24:19,2019-06-14T20:28:26,0.4,"Rain, Partially cloudy",Partly cloudy throughout the day with a chance of rain throughout the day.,rain,"72505394728,72055399999,KLGA,KJRB,KNYC,F1417,72503014732"
new york city,2019-06-15,27.8,16.7,22.3,27.2,16.7,22.2,11.2,50.5,0.23,100,4.17,rain,0,0,91.2,28.9,248.1,1018.1,17.7,16,308.9,26.7,10,,2019-06-15T05:24:19,2019-06-15T20:28:50,0.44,Rain,Clear conditions throughout the day with afternoon rain.,rain,"72505394728,72055399999,KLGA,KJRB,KNYC,F1417,72503014732"
new york city,2019-06-16,27.7,20.5,23.3,28.9,20.5,23.4,17.2,69.4,0.528,100,12.5,rain,0,0,76,25.1,248.4,1011.8,54.4,16,157,13.4,6,,2019-06-16T05:24:21,2019-06-16T20:29:12,0.48,"Rain, Partially cloudy",Partly cloudy throughout the day with rain clearing later.,rain,"72505394728,72055399999,KLGA,KJRB,KNYC,F1417,72503014732"
new york city,2019-06-17,23.8,21.2,22.4,23.8,21.2,22.4,18.8,80.6,0.23,100,4.17,rain,0,0,59,12.6,296.2,1014.2,71.1,15.9,98.9,8.4,3,,2019-06-17T05:24:25,2019-06-17T20:29:33,0.5,"Rain, Partially cloudy",Partly cloudy throughout the day with early morning rain.,rain,"72505394728,72055399999,KLGA,KJRB,KNYC,F1417,72503014732"
new york city,2019-06-18,22.3,19.3,20.9,22.3,19.3,20.9,19.7,92.9,29.068,100,54.17,rain,0,0,79.6,14.6,47.5,1013.2,85.4,10.5,78.8,6.7,4,,2019-06-18T05:24:31,2019-06-18T20:29:52,0.54,"Rain, Partially cloudy",Partly cloudy throughout the day with rain.,rain,"72505394728,72055399999,KLGA,KJRB,KNYC,F1417,72503014732"
new york city,2019-06-19,21.2,19.2,19.9,21.2,19.2,19.9,18.7,92.6,2.246,100,16.67,rain,0,0,77.8,14.5,74.5,1010.7,99.8,11.4,71.3,6,3,,2019-06-19T05:24:39,2019-06-19T20:30:09,0.57,"Rain, Overcast",Cloudy skies throughout the day with rain.,rain,"72505394728,72055399999,KLGA,KJRB,KNYC,F1417,72503014732"
new york city,2019-06-20,25.2,17.9,20.9,25.2,17.9,20.9,19.9,94.3,14.137,100,41.67,rain,0,0,31.7,13.9,85.4,1002,82.1,4.9,120.2,10.3,5,,2019-06-20T05:24:49,2019-06-20T20:30:24,0.61,"Rain, Partially cloudy",Partly cloudy throughout the day with a chance of rain throughout the day.,rain,"72505394728,KLGA,KNYC,F1417,72503014732"
new york city,2019-06-21,27.6,18.7,21.9,27.3,18.7,21.9,15.9,72.4,17.138,100,25,rain,0,0,72,27.7,331.1,1002,49.4,14.7,194.8,16.7,8,,2019-06-21T05:25:01,2019-06-21T20:30:37,0.64,"Rain, Partially cloudy",Partly cloudy throughout the day with morning rain.,rain,"72505394728,72055399999,KLGA,KJRB,KNYC,F1417,72503014732"
new york city,2019-06-22,28.2,17.8,23.1,27.6,17.8,23,11.1,48,7.267,100,4.17,rain,0,0,70.2,14.8,302.6,1012.2,14.4,15.9,321.5,27.7,9,,2019-06-22T05:25:14,2019-06-22T20:30:49,0.67,Rain,Clear conditions throughout the day with morning rain.,rain,"72505394728,72055399999,KLGA,KJRB,KNYC,F1417,72503014732"
new york city,2019-06-23,30.5,19.3,24.7,29.3,19.3,24.4,11.8,45.8,0,0,0,,0,0,100.5,22.3,273.2,1014.5,0.4,16,335.1,28.9,9,,2019-06-23T05:25:30,2019-06-23T20:30:58,0.7,Clear,Clear conditions throughout the day.,clear-day,"72505394728,72055399999,KLGA,KJRB,KNYC,F1417,72503014732"
new york city,2019-06-24,29.9,20,24.9,29.4,20,24.8,15.1,56.1,0.23,100,4.17,rain,0,0,82.1,14.1,233.6,1011.5,0.8,16,259.1,22.6,9,,2019-06-24T05:25:47,2019-06-24T20:31:06,0.74,Rain,Clear conditions throughout the day with afternoon rain.,rain,"72505394728,72055399999,KLGA,KJRB,KNYC,F1417,72503014732"
new york city,2019-06-25,30.5,21.7,24.9,32.9,21.7,25.5,20.7,78.5,7.549,100,12.5,rain,0,0,63,14.2,356.5,1010.1,50.5,14.9,128,11,6,,2019-06-25T05:26:05,2019-06-25T20:31:11,0.75,"Rain, Partially cloudy",Partly cloudy throughout the day with morning rain.,rain,"72505394728,72055399999,KLGA,KJRB,KNYC,F1417,72503014732"
new york city,2019-06-26,31.1,22.8,26.9,31.3,22.8,27,17.6,59.8,0.469,100,4.17,rain,0,0,71.4,12.8,269.6,1015.6,4.7,15.8,328,28.4,10,,2019-06-26T05:26:26,2019-06-26T20:31:15,0.8,Rain,Clear conditions throughout the day with afternoon rain.,rain,"72505394728,72055399999,KLGA,KJRB,KNYC,F1417,72503014732"
new york city,2019-06-27,33.2,22.8,28,32.7,22.8,27.9,16.3,51.6,0,0,0,,0,0,68.4,14.4,322.6,1019.4,4.6,16,329.6,28.4,10,,2019-06-27T05:26:48,2019-06-27T20:31:17,0.83,Clear,Clear conditions throughout the day.,clear-day,"72505394728,72055399999,KLGA,KJRB,KNYC,F1417,72503014732"
new york city,2019-06-28,32.1,22.9,27.6,32.5,22.9,27.7,16.3,51.3,0.46,100,8.33,rain,0,0,88.9,21,273.3,1020.8,5.8,16,298.2,25.6,9,,2019-06-28T05:27:12,2019-06-28T20:31:16,0.87,Rain,Clear conditions throughout the day with rain.,rain,"72505394728,72055399999,KLGA,KJRB,KNYC,F1417,72503014732"
new york city,2019-06-29,34.8,22.9,26.6,36.5,22.9,27.2,19.5,67.2,0.806,100,12.5,rain,0,0,79.1,17.9,255.1,1015.2,6.1,15.9,244.6,21,9,,2019-06-29T05:27:37,2019-06-29T20:31:14,0.9,Rain,Clear conditions throughout the day with rain.,rain,"72505394728,72055399999,KLGA,KJRB,KNYC,F1417,72503014732"
new york city,2019-06-30,30.5,21.8,25.4,30.1,21.8,25.4,16.4,60.5,0.078,100,8.33,rain,0,0,57.2,14.5,284.6,1008.9,19.9,16,305.5,26.4,10,,2019-06-30T05:28:04,2019-06-30T20:31:10,0.93,Rain,Clear conditions throughout the day with afternoon rain.,rain,"72505394728,72055399999,KLGA,KJRB,KNYC,F1417,72503014732"
new york city,2019-07-01,31,19.3,24.7,30.3,19.3,24.6,14.2,53.2,2.318,100,29.17,rain,0,0,76,14.5,264.5,1012.8,6.5,16,329.1,28.2,10,,2019-07-01T05:28:33,2019-07-01T20:31:04,0.96,Rain,Clear conditions throughout the day with rain.,rain,"72505394728,72055399999,KLGA,KJRB,KNYC,F1417,72503014732"
new york city,2019-07-02,31,21.2,26,32.9,21.2,26.5,17.6,60.8,0.028,100,4.17,rain,0,0,72.2,16,252.1,1010,25,16,198.1,17.1,8,,2019-07-02T05:29:03,2019-07-02T20:30:55,0,"Rain, Partially cloudy",Becoming cloudy in the afternoon with late afternoon rain.,rain,"72505394728,72055399999,KLGA,KJRB,KNYC,F1417,72503014732"
new york city,2019-07-03,30.5,24.3,27,32.9,24.3,27.9,20.1,66.3,2.088,100,20.83,rain,0,0,77.8,22.8,296.2,1010.9,33.9,15.9,159.2,13.7,7,,2019-07-03T05:29:34,2019-07-03T20:30:45,0.03,"Rain, Partially cloudy",Becoming cloudy in the afternoon with rain.,rain,"72505394728,72055399999,KLGA,KJRB,KNYC,F1417,72503014732"
new york city,2019-07-04,31.7,22.3,26.4,31.8,22.3,26.9,19.8,69.6,0.938,100,4.17,rain,0,0,79.6,14.5,188.2,1017.7,2.2,15.2,317.5,27.4,9,,2019-07-04T05:30:07,2019-07-04T20:30:32,0.07,Rain,Clear conditions throughout the day with morning rain.,rain,"72505394728,72055399999,KLGA,KJRB,KNYC,F1417,72503014732"
new york city,2019-07-05,28.3,22.8,25.2,31.2,22.8,25.9,21.4,80.1,0,0,0,,0,0,33.5,14.6,151.9,1020.2,76.2,15.6,294.1,25.2,8,,2019-07-05T05:30:42,2019-07-05T20:30:18,0.1,Partially cloudy,Partly cloudy throughout the day.,partly-cloudy-day,"72505394728,72055399999,KLGA,KJRB,KNYC,F1417,72503014732"
new york city,2019-07-06,31.2,25,26.6,36,25,27.9,22.7,79.8,3.795,100,8.33,rain,0,0,33.5,12.9,245.7,1013.6,44.2,15.8,194.9,16.9,7,,2019-07-06T05:31:18,2019-07-06T20:30:02,0.14,"Rain, Partially cloudy",Clearing in the afternoon with afternoon rain.,rain,"72505394728,72055399999,KLGA,KJRB,KNYC,F1417,72503014732"
new york city,2019-07-07,29.9,22.9,25.8,31.8,22.9,26.4,19.8,70,0,0,0,,0,0,63,20.1,86.7,1012.4,26.5,15.9,281.3,24.3,9,,2019-07-07T05:31:55,2019-07-07T20:29:43,0.17,Partially cloudy,Partly cloudy throughout the day.,partly-cloudy-day,"72505394728,72055399999,KLGA,KJRB,KNYC,F1417,72503014732"
new york city,2019-07-08,26.6,21.6,23.3,26.6,21.6,23.3,16.8,68.3,1.917,100,29.17,rain,0,0,81.4,18,1,1015.3,33,15.9,167.9,14.3,7,,2019-07-08T05:32:33,2019-07-08T20:29:23,0.21,"Rain, Partially cloudy",Partly cloudy throughout the day with rain.,rain,"72505394728,72055399999,KLGA,KJRB,KNYC,F1417,72503014732"
new york city,2019-07-09,31.6,21.2,26.1,32,21.2,26.3,17.8,63.1,0.23,100,4.17,rain,0,0,85,16.5,250.9,1016.8,2.4,16,303,26.2,9,,2019-07-09T05:33:13,2019-07-09T20:29:00,0.25,Rain,Clear conditions throughout the day with afternoon rain.,rain,"72505394728,72055399999,KLGA,KJRB,KNYC,F1417,72503014732"
new york city,2019-07-10,31,22.9,27.1,33,22.9,28.2,19.9,65.7,0.69,100,12.5,rain,0,0,76,14.5,241.8,1016.6,20.7,15.9,180.4,15.5,7,,2019-07-10T05:33:53,2019-07-10T20:28:36,0.28,"Rain, Partially cloudy",Becoming cloudy in the afternoon with rain.,rain,"72505394728,72055399999,KLGA,KJRB,KNYC,F1417,72503014732"
new york city,2019-07-11,29.9,22.9,25.1,31,22.9,25.4,20.2,75.7,16.097,100,33.33,rain,0,0,68.1,21.8,192,1013,52.6,14,157,13.8,7,,2019-07-11T05:34:35,2019-07-11T20:28:09,0.31,"Rain, Partially cloudy",Becoming cloudy in the afternoon with rain.,rain,"72505394728,72055399999,KLGA,KJRB,KNYC,F1417,72503014732"
new york city,2019-07-12,32,22.2,26.4,33.3,22.2,27,20,70.9,0.712,100,12.5,rain,0,0,68.4,16.4,276.9,1007.5,51.3,15.7,246.6,21.2,7,,2019-07-12T05:35:18,2019-07-12T20:27:41,0.35,"Rain, Partially cloudy",Partly cloudy throughout the day with a chance of rain throughout the day.,rain,"72505394728,72055399999,KLGA,KJRB,KNYC,F1417,72503014732"
new york city,2019-07-13,30.6,22.2,26.5,32.8,22.2,27.2,18.2,61.1,0,0,0,,0,0,77.8,17.9,258.5,1013,2.5,16,315.4,27.1,9,,2019-07-13T05:36:02,2019-07-13T20:27:10,0.39,Clear,Clear conditions throughout the day.,clear-day,"72505394728,72055399999,KLGA,KJRB,KNYC,F1417,72503014732"
new york city,2019-07-14,33.2,23.4,28.4,34.1,23.4,28.6,17.4,53.6,0,0,0,,0,0,38.9,11.6,271.6,1013.5,9.4,16,299.8,26,10,,2019-07-14T05:36:47,2019-07-14T20:26:38,0.42,Clear,Clear conditions throughout the day.,clear-day,"72505394728,72055399999,KLGA,KJRB,KNYC,F1417,72503014732"
new york city,2019-07-15,31.6,22.1,26.7,31.3,22.1,26.6,15.3,50.6,1.159,100,12.5,rain,0,0,79.6,12.8,275.4,1017.3,0.9,15.9,318.1,27.2,10,,2019-07-15T05:37:34,2019-07-15T20:26:03,0.46,Rain,Clear conditions throughout the day with morning rain.,rain,"72505394728,72055399999,KLGA,KJRB,KNYC,F1417,72503014732"
new york city,2019-07-16,33.8,23.4,27.8,35.7,23.4,28.8,18.8,59.2,0.23,100,4.17,rain,0,0,81.5,16.4,237.2,1017.4,0.9,15.9,299.7,25.7,9,,2019-07-16T05:38:21,2019-07-16T20:25:27,0.5,Rain,Clear conditions throughout the day with afternoon rain.,rain,"72505394728,72055399999,KLGA,KJRB,KNYC,F1417,72503014732"
new york city,2019-07-17,33.8,23.8,28.8,40.1,23.8,31.7,22.7,70.7,17.693,100,16.67,rain,0,0,83.7,21.6,250.3,1013.7,40.5,14.8,186.5,16,8,,2019-07-17T05:39:08,2019-07-17T20:24:49,0.53,"Rain, Partially cloudy",Partly cloudy throughout the day with rain.,rain,"72505394728,72055399999,KLGA,KJRB,KNYC,F1417,72503014732"
new york city,2019-07-18,28.2,22.8,24.4,31.7,22.8,24.8,22.5,89.7,4.871,100,33.33,rain,0,0,90.7,23.8,40.7,1012.3,74,15.4,103.6,9,5,,2019-07-18T05:39:57,2019-07-18T20:24:09,0.56,"Rain, Partially cloudy",Partly cloudy throughout the day with rain clearing later.,rain,"72505394728,72055399999,KLGA,KJRB,KNYC,F1417,72503014732"
new york city,2019-07-19,33.3,22.2,27.4,40,22.2,30.4,22.7,76.8,0.46,100,8.33,rain,0,0,78.8,25.8,262.8,1012,57.5,15.8,248.4,21.4,9,,2019-07-19T05:40:47,2019-07-19T20:23:27,0.59,"Rain, Partially cloudy",Partly cloudy throughout the day with rain in the morning and afternoon.,rain,"72505394728,72055399999,KLGA,KJRB,KNYC,F1417,72503014732"
new york city,2019-07-20,36.6,26.8,31.5,42.4,29.8,36.5,23.7,65.1,0,0,0,,0,0,42.5,20.1,258.8,1010.3,5.3,15.9,284.8,24.6,9,,2019-07-20T05:41:37,2019-07-20T20:22:43,0.62,Clear,Clear conditions throughout the day.,clear-day,"72505394728,72055399999,KLGA,KJRB,KNYC,F1417,72503014732"
new york city,2019-07-21,36.6,26.9,31.7,43.1,29.7,36.8,23.5,63.1,0.235,100,8.33,rain,0,0,81.1,18.4,256.6,1009,18.2,16,258.1,22.3,9,,2019-07-21T05:42:28,2019-07-21T20:21:58,0.66,Rain,Clear conditions throughout the day with rain.,rain,"72505394728,72055399999,KLGA,KJRB,KNYC,F1417,72503014732"
new york city,2019-07-22,31.6,23.3,27.2,36.1,23.3,29.1,22.4,76.3,33.052,100,29.17,rain,0,0,67.8,13,169.9,1009.2,25.3,15,221.6,18.9,9,,2019-07-22T05:43:20,2019-07-22T20:21:10,0.69,"Rain, Partially cloudy",Partly cloudy throughout the day with rain.,rain,"72505394728,72055399999,KLGA,KJRB,KNYC,F1417,72503014732"
new york city,2019-07-23,23.8,21,22.6,23.8,21,22.6,19.9,85,7.459,100,33.33,rain,0,0,72.2,18.2,29,1009.8,84.6,15.1,76,6.5,3,,2019-07-23T05:44:12,2019-07-23T20:20:21,0.72,"Rain, Partially cloudy",Partly cloudy throughout the day with rain clearing later.,rain,"72505394728,72055399999,KLGA,KJRB,KNYC,F1417,72503014732"
new york city,2019-07-24,30.5,21.1,25,30.3,21.1,25.1,17.9,67.4,0.496,100,12.5,rain,0,0,68.4,17.4,42.4,1013.7,55.2,15.8,301.1,26,10,,2019-07-24T05:45:06,2019-07-24T20:19:30,0.75,"Rain, Partially cloudy",Partly cloudy throughout the day with rain clearing later.,rain,"72505394728,72055399999,KLGA,KJRB,KNYC,F1417,72503014732"
new york city,2019-07-25,31.1,22.8,26.2,30.3,22.8,26.1,16.4,57.1,0.69,100,12.5,rain,0,0,88.9,16.2,252.5,1019,13.6,15.8,295,25.4,9,,2019-07-25T05:45:59,2019-07-25T20:18:37,0.79,Rain,Clear conditions throughout the day with rain.,rain,"72505394728,72055399999,KLGA,KJRB,KNYC,F1417,72503014732"
new york city,2019-07-26,31,22.8,26.5,31.2,22.8,26.7,17.2,57.7,1.628,100,16.67,rain,0,0,76.5,14.3,247.8,1023.9,4,16,294.3,25.5,9,,2019-07-26T05:46:53,2019-07-26T20:17:43,0.82,Rain,Clear conditions throughout the day with rain.,rain,"72505394728,72055399999,KLGA,KJRB,KNYC,F1417,72503014732"
new york city,2019-07-27,31,22.9,26.3,32.4,22.9,26.8,18.5,63.1,0,0,0,,0,0,37.1,16.2,195,1023.9,10.2,15.8,268.9,23.2,9,,2019-07-27T05:47:48,2019-07-27T20:16:47,0.85,Clear,Clear conditions throughout the day.,clear-day,"72505394728,72055399999,KLGA,KJRB,KNYC,F1417,72503014732"
new york city,2019-07-28,32.8,22.9,27.9,34.2,22.9,28.9,19.5,62.1,0.23,100,4.17,rain,0,0,81.4,17.9,253.3,1019.1,18.6,16,292.9,25.2,9,,2019-07-28T05:48:43,2019-07-28T20:15:49,0.89,Rain,Clear conditions throughout the day with morning rain.,rain,"72505394728,72055399999,KLGA,KJRB,KNYC,F1417,72503014732"
new york city,2019-07-29,33.7,23.9,28.4,37.5,23.9,30,20.1,61.8,0.248,100,8.33,rain,0,0,77.8,14.7,246.2,1015.7,11,15.8,261.1,22.5,9,,2019-07-29T05:49:39,2019-07-29T20:14:50,0.92,Rain,Clear conditions throughout the day with early morning rain.,rain,"72505394728,72055399999,KLGA,KJRB,KNYC,F1417,72503014732"
new york city,2019-07-30,33.8,25.1,28.9,38.8,25.1,31.1,21.6,65.6,2.589,100,8.33,rain,0,0,69.4,19.6,233.1,1015.4,3.5,15.8,222.7,19,9,,2019-07-30T05:50:35,2019-07-30T20:13:49,0.95,Rain,Clear conditions throughout the day with afternoon rain.,rain,"72505394728,72055399999,KLGA,KJRB,KNYC,F1417,72503014732"
new york city,2019-07-31,32,22.2,25.6,35.5,22.2,26.4,20.7,75.1,5.851,100,25,rain,0,0,59,16.3,252.8,1016.6,14.5,15.5,138,11.9,8,,2019-07-31T05:51:31,2019-07-31T20:12:46,0,Rain,Clear conditions throughout the day with rain.,rain,"72505394728,72055399999,KLGA,KJRB,KNYC,F1417,72503014732"
new york city,2019-08-01,32,22.8,26.7,31.6,22.8,26.7,17.6,61.1,0,0,0,,0,0,72,17.7,339.2,1018.3,21.5,15.6,264.7,22.9,9,,2019-08-01T05:52:28,2019-08-01T20:11:42,0.02,Partially cloudy,Becoming cloudy in the afternoon.,partly-cloudy-day,"72505394728,72055399999,KLGA,KJRB,KNYC,F1417,72503014732"
new york city,2019-08-02,30.9,23.8,26.4,31.3,23.8,26.7,18.4,62.6,0.46,100,8.33,rain,0,0,94.9,16.3,198.8,1019.8,20.7,16,232.7,20.2,8,,2019-08-02T05:53:25,2019-08-02T20:10:36,0.05,"Rain, Partially cloudy",Partly cloudy throughout the day with rain.,rain,"72505394728,72055399999,KLGA,KJRB,KNYC,F1417,72503014732"
new york city,2019-08-03,31,22.9,26.2,32.3,22.9,26.9,20.5,72.4,0,0,0,,0,0,31.7,14.4,205.8,1016.6,27.1,16,297.6,25.8,9,,2019-08-03T05:54:22,2019-08-03T20:09:29,0.09,Partially cloudy,Partly cloudy throughout the day.,partly-cloudy-day,"72505394728,72055399999,KLGA,KJRB,KNYC,F1417,72503014732"
new york city,2019-08-04,33.1,21.7,26.1,34,21.7,26.6,19.5,69.8,0.762,100,8.33,rain,0,0,30.5,18.3,347.9,1013.1,22.3,15.7,268,23.1,9,,2019-08-04T05:55:19,2019-08-04T20:08:21,0.12,"Rain, Partially cloudy",Partly cloudy throughout the day with early morning rain.,rain,"72505394728,72055399999,KLGA,KJRB,KNYC,F1417,72503014732"
new york city,2019-08-05,28.3,22.8,25.2,28.6,22.8,25.4,17.4,62.7,0,0,0,,0,0,77.8,18,71,1014.9,4.9,16,248.5,21.4,8,,2019-08-05T05:56:17,2019-08-05T20:07:11,0.16,Clear,Clear conditions throughout the day.,clear-day,"72505394728,72055399999,KLGA,KJRB,KNYC,F1417,72503014732"
new york city,2019-08-06,27.8,23.3,24.8,29.4,23.3,25,21,79.8,0.744,100,8.33,rain,0,0,68.4,17.9,112,1012.1,22.5,15.8,133,11.5,5,,2019-08-06T05:57:15,2019-08-06T20:06:00,0.19,"Rain, Partially cloudy",Becoming cloudy in the afternoon with rain in the morning and afternoon.,rain,"72505394728,72055399999,KLGA,KJRB,KNYC,F1417,72503014732"
new york city,2019-08-07,28.8,21.1,24.3,32.7,21.1,24.9,21.5,85.1,4.6,100,33.33,rain,0,0,47.9,22.4,197.5,1009.8,57.2,14.5,156.6,13.6,9,,2019-08-07T05:58:13,2019-08-07T20:04:47,0.25,"Rain, Partially cloudy",Partly cloudy throughout the day with rain.,rain,"72505394728,72055399999,KLGA,KJRB,KNYC,F1417,72503014732"
new york city,2019-08-08,30,21.1,24.9,32.1,21.1,25.6,19.9,75,0.733,100,8.33,rain,0,0,71.1,22.3,250.3,1007.1,47.7,15.8,251.7,21.8,8,,2019-08-08T05:59:12,2019-08-08T20:03:33,0.26,"Rain, Partially cloudy",Partly cloudy throughout the day with late afternoon rain.,rain,"72505394728,72055399999,KLGA,KJRB,KNYC,F1417,72503014732"
new york city,2019-08-09,30.4,21.7,25.4,31.1,21.7,25.6,17.2,62,0.038,100,4.17,rain,0,0,85,14.5,267.6,1007.6,25.8,16,234,20.2,9,,2019-08-09T06:00:10,2019-08-09T20:02:18,0.3,"Rain, Partially cloudy",Becoming cloudy in the afternoon with afternoon rain.,rain,"72505394728,72055399999,KLGA,KJRB,KNYC,F1417,72503014732"
new york city,2019-08-10,29.2,21.1,25.2,28.3,21.1,25,13.1,48.2,0,0,0,,0,0,81.8,25.4,291.6,1010.5,13.9,16,285.5,24.7,9,,2019-08-10T06:01:09,2019-08-10T20:01:01,0.33,Clear,Clear conditions throughout the day.,clear-day,"72505394728,72055399999,KLGA,KJRB,KNYC,F1417,72503014732"
new york city,2019-08-11,28.2,19.9,24.4,28.2,19.9,24.3,13,49.8,0,0,0,,0,0,59.2,20.1,267,1015.7,16.5,16,278.4,24,10,,2019-08-11T06:02:07,2019-08-11T19:59:43,0.37,Clear,Clear conditions throughout the day.,clear-day,"72505394728,72055399999,KLGA,KJRB,KNYC,F1417,72503014732"
new york city,2019-08-12,31.5,21.1,26.1,31.1,21.1,26.1,15.8,54.9,0.23,100,4.17,rain,0,0,79.6,18,249.3,1014.5,5.2,16,286.4,24.6,9,,2019-08-12T06:03:06,2019-08-12T19:58:24,0.4,Rain,Clear conditions throughout the day with afternoon rain.,rain,"72505394728,72055399999,KLGA,KJRB,KNYC,F1417,72503014732"
new york city,2019-08-13,27.7,23.3,24.9,29.8,23.3,25,20.5,77.2,0.322,100,20.83,rain,0,0,68.4,15.9,235.1,1009.8,53.7,15.8,88.8,7.8,5,,2019-08-13T06:04:05,2019-08-13T19:57:04,0.44,"Rain, Partially cloudy",Partly cloudy throughout the day with a chance of rain throughout the day.,rain,"72505394728,72055399999,KLGA,KJRB,KNYC,F1417,72503014732"
new york city,2019-08-14,27.8,23.4,24.5,30.5,23.4,24.8,21.7,84.9,1.398,100,12.5,rain,0,0,73.8,16.1,68.2,1010.1,56.4,13.2,123.2,10.7,6,,2019-08-14T06:05:04,2019-08-14T19:55:43,0.47,"Rain, Partially cloudy",Partly cloudy throughout the day with rain.,rain,"72505394728,72055399999,KLGA,KJRB,KNYC,F1417,72503014732"
new york city,2019-08-15,27.8,22.2,24.4,29.1,22.2,24.7,19.6,75.4,0,0,0,,0,0,27.7,17.8,93.3,1015.6,34.9,15.7,261.8,22.5,9,,2019-08-15T06:06:03,2019-08-15T19:54:21,0.5,Partially cloudy,Partly cloudy throughout the day.,partly-cloudy-day,"72505394728,72055399999,KLGA,KJRB,KNYC,F1417,72503014732"
new york city,2019-08-16,28.2,21.6,24.1,29.9,21.6,24.4,19.7,77.1,0.46,100,8.33,rain,0,0,72,16.2,74.6,1016.9,63.7,15.9,212.4,18.4,7,,2019-08-16T06:07:02,2019-08-16T19:52:57,0.54,"Rain, Partially cloudy",Partly cloudy throughout the day with rain.,rain,"72505394728,72055399999,KLGA,KJRB,KNYC,F1417,72503014732"
new york city,2019-08-17,31.1,23.3,26.2,35.4,23.3,27.4,22.3,80.3,0,0,0,,0,0,,14.6,83.8,1016.1,50.5,15.8,237.1,20.5,9,,2019-08-17T06:08:01,2019-08-17T19:51:33,0.57,Partially cloudy,Partly cloudy throughout the day.,partly-cloudy-day,"72505394728,72055399999,KLGA,KJRB,KNYC,F1417,72503014732"
new york city,2019-08-18,31.7,24.3,27.1,37.7,24.3,29,23.1,79.7,1.909,100,12.5,rain,0,0,72,18.2,256.6,1015.9,43.5,15.3,216.8,18.9,8,,2019-08-18T06:09:00,2019-08-18T19:50:07,0.61,"Rain, Partially cloudy",Clearing in the afternoon with rain.,rain,"72505394728,72055399999,KLGA,KJRB,KNYC,F1417,72503014732"
new york city,2019-08-19,32.8,23.8,26.9,38.7,23.8,28.5,21.8,74.5,0,0,0,,0,0,73.2,16.2,231.7,1015.2,16.1,15.7,254.3,22.1,8,,2019-08-19T06:09:59,2019-08-19T19:48:41,0.64,Clear,Clear conditions throughout the day.,clear-day,"72505394728,72055399999,KLGA,KJRB,KNYC,F1417,72503014732"
new york city,2019-08-20,31.6,24.4,27.5,32.9,24.4,28.2,20.2,66.1,0,0,0,,0,0,74.2,19.7,187.3,1018.1,0.9,15.9,267.3,23.3,9,,2019-08-20T06:10:58,2019-08-20T19:47:14,0.67,Clear,Clear conditions throughout the day.,clear-day,"72505394728,72055399999,KLGA,KJRB,KNYC,F1417,72503014732"
new york city,2019-08-21,31.1,24.4,26.9,35.4,24.4,28.3,22.6,78,2.372,100,8.33,rain,0,0,79.1,25.1,240.8,1013.9,34.9,14.7,196.9,17,8,,2019-08-21T06:11:57,2019-08-21T19:45:45,0.71,"Rain, Partially cloudy",Partly cloudy throughout the day with late afternoon rain.,rain,"72505394728,72055399999,KLGA,KJRB,KNYC,F1417,72503014732"
new york city,2019-08-22,33.3,23.3,27.5,35.9,23.3,28.7,21.6,72.6,3.913,100,12.5,rain,0,0,83.2,22.4,252.1,1011.5,17.7,15.3,242.6,20.9,8,,2019-08-22T06:12:56,2019-08-22T19:44:16,0.74,Rain,Clear conditions throughout the day with late afternoon rain.,rain,"72505394728,72055399999,KLGA,KJRB,KNYC,F1417,72503014732"
new york city,2019-08-23,24.3,20.5,22.7,24.3,20.5,22.7,17.4,73.2,0.695,100,25,rain,0,0,70.4,20,25.6,1015.4,33.2,15.9,107.4,9.1,5,,2019-08-23T06:13:55,2019-08-23T19:42:46,0.75,"Rain, Partially cloudy",Partly cloudy throughout the day with rain clearing later.,rain,"72505394728,72055399999,KLGA,KJRB,KNYC,F1417,72503014732"
new york city,2019-08-24,26.5,19.9,22.8,26.5,19.9,22.8,13.1,55.7,0,0,0,,0,0,58.1,23.7,46.3,1021.1,28.2,16,254,22.1,9,,2019-08-24T06:14:54,2019-08-24T19:41:15,0.81,Partially cloudy,Partly cloudy throughout the day.,partly-cloudy-day,"72505394728,72055399999,KLGA,KJRB,KNYC,F1417,72503014732"
new york city,2019-08-25,26,19.3,22.2,26,19.3,22.2,14.9,64.6,0,0,0,,0,0,45.3,28.9,49.6,1024,45.8,16,266,23,9,,2019-08-25T06:15:53,2019-08-25T19:39:44,0.84,Partially cloudy,Partly cloudy throughout the day.,partly-cloudy-day,"72505394728,72055399999,KLGA,KJRB,KNYC,F1417,72503014732"
new york city,2019-08-26,25.5,17.7,20.6,25.5,17.7,20.6,14.2,67.1,0,0,0,,0,0,45.1,25.2,46.5,1022.6,45.9,16,266.2,23.1,9,,2019-08-26T06:16:51,2019-08-26T19:38:11,0.87,Partially cloudy,Partly cloudy throughout the day.,partly-cloudy-day,"72505394728,72055399999,KLGA,KJRB,KNYC,F1417,72503014732"
new york city,2019-08-27,24.3,19.2,21.1,24.3,19.2,21.1,15.2,69.5,0,0,0,,0,0,71.4,14.4,108.3,1018.6,4,15.8,191.5,16.5,8,,2019-08-27T06:17:50,2019-08-27T19:36:38,0.91,Clear,Clear conditions throughout the day.,clear-day,"72505394728,72055399999,KLGA,KJRB,KNYC,F1417,72503014732"
new york city,2019-08-28,23.8,20.6,22.3,23.8,20.6,22.3,19.7,85.2,0.579,100,29.17,rain,0,0,85,18.2,50.5,1012.5,70.2,15.3,106.3,9.2,4,,2019-08-28T06:18:49,2019-08-28T19:35:04,0.94,"Rain, Partially cloudy",Partly cloudy throughout the day with rain.,rain,"72505394728,72055399999,KLGA,KJRB,KNYC,F1417,72503014732"
new york city,2019-08-29,29.8,20.6,24.6,29,20.6,24.5,15.2,58.6,0,0,0,,0,0,75.2,11.4,311.4,1012.1,16.9,15.9,268.7,23.3,9,,2019-08-29T06:19:48,2019-08-29T19:33:30,0.97,Clear,Clear conditions throughout the day.,clear-day,"72505394728,72055399999,KLGA,KJRB,KNYC,F1417,72503014732"
new york city,2019-08-30,31.1,20,25.4,31.8,20,25.7,16.2,57.9,0.46,100,8.33,rain,0,0,78.6,18.3,252.5,1016.4,6.1,16,255,21.9,8,,2019-08-30T06:20:46,2019-08-30T19:31:55,0,Rain,Clear conditions throughout the day with rain.,rain,"72505394728,72055399999,KLGA,KJRB,KNYC,F1417,72503014732"
new york city,2019-08-31,29.2,22.7,25.4,28.2,22.7,25.2,14,50.9,0,0,0,,0,0,29.5,20.2,35.6,1022.4,5.2,16,245.5,21.3,8,,2019-08-31T06:21:45,2019-08-31T19:30:19,0.04,Clear,Clear conditions throughout the day.,clear-day,"72505394728,72055399999,KLGA,KJRB,KNYC,F1417,72503014732"
