"STATION","NAME","LATITUDE","LONGITUDE","ELEVATION","DATE","AWND","AWND_ATTRIBUTES","PGTM","PGTM_ATTRIBUTES","PRCP","PRCP_ATTRIBUTES","TAVG","TAVG_ATTRIBUTES","TMAX","TMAX_ATTRIBUTES","TMIN","TMIN_ATTRIBUTES","TSUN","TSUN_ATTRIBUTES","WSF2","WSF2_ATTRIBUTES","WSF5","WSF5_ATTRIBUTES","WT01","WT01_ATTRIBUTES","WT02","WT02_ATTRIBUTES","WT03","WT03_ATTRIBUTES","WT04","WT04_ATTRIBUTES","WT05","WT05_ATTRIBUTES","WT06","WT06_ATTRIBUTES","WT08","WT08_ATTRIBUTES"
"USW00094728","NY CITY CENTRAL PARK, NY US","40.77898","-73.96925","42.7","2018-06-01","0.4",",,W",,,"6.9",",,W,2400",,,"27.2",",,W","18.3",",,W",,,"3.1",",,W","6.7",",,W","    1",",,W",,,,,,,,,,,"    1",",,W"
"USW00094728","NY CITY CENTRAL PARK, NY US","40.77898","-73.96925","42.7","2018-06-02","1.7",",,W",,,"2.0",",,W,2400",,,"30.6",",,W","18.9",",,W",,,"6.3",",,W","10.3",",,W","    1",",,W",,,,,,,,,,,"    1",",,W"
"USW00094728","NY CITY CENTRAL PARK, NY US","40.77898","-73.96925","42.7","2018-06-03","2.6",",,W",,,"6.4",",,W,2400",,,"18.9",",,W","10.6",",,W",,,"6.3",",,W","10.3",",,W","    1",",,W",,,,,,,,,,,,
"USW00094728","NY CITY CENTRAL PARK, NY US","40.77898","-73.96925","42.7","2018-06-04","1.7",",,W",,,"4.1",",,W,2400",,,"21.7",",,W","10.6",",,W",,,"5.4",",,W","8.1",",,W","    1",",,W",,,,,,,,,,,,
"USW00094728","NY CITY CENTRAL PARK, NY US","40.77898","-73.96925","42.7","2018-06-05","1.7",",,W",,,"0.0","T,,W,2400",,,"23.9",",,W","14.4",",,W",,,"6.7",",,W","11.2",",,W","    1",",,W",,,,,,,,,,,,
"USW00094728","NY CITY CENTRAL PARK, NY US","40.77898","-73.96925","42.7","2018-06-06","1.2",",,W",,,"0.0",",,W,2400",,,"21.7",",,W","14.4",",,W",,,"3.6",",,W","5.8",",,W",,,,,,,,,,,,,,
"USW00094728","NY CITY CENTRAL PARK, NY US","40.77898","-73.96925","42.7","2018-06-07","1.1",",,W",,,"0.0",",,W,2400",,,"21.7",",,W","15.6",",,W",,,"4.0",",,W","7.6",",,W",,,,,,,,,,,,,,
"USW00094728","NY CITY CENTRAL PARK, NY US","40.77898","-73.96925","42.7","2018-06-08","1.3",",,W",,,"0.0",",,W,2400",,,"27.8",",,W","15.6",",,W",,,"4.0",",,W","7.2",",,W",,,,,,,,,,,,,,
"USW00094728","NY CITY CENTRAL PARK, NY US","40.77898","-73.96925","42.7","2018-06-09","0.8",",,W",,,"0.0",",,W,2400",,,"28.3",",,W","19.4",",,W",,,"3.6",",,W","6.7",",,W",,,,,,,,,,,,,,
"USW00094728","NY CITY CENTRAL PARK, NY US","40.77898","-73.96925","42.7","2018-06-10","0.5",",,W",,,"0.3",",,W,2400",,,"22.8",",,W","14.4",",,W",,,"4.0",",,W","7.2",",,W",,,,,,,,,,,,,,
"USW00094728","NY CITY CENTRAL PARK, NY US","40.77898","-73.96925","42.7","2018-06-11","1.4",",,W",,,"0.0",",,W,2400",,,"22.8",",,W","14.4",",,W",,,"4.0",",,W","7.6",",,W",,,,,,,,,,,,,,
"USW00094728","NY CITY CENTRAL PARK, NY US","40.77898","-73.96925","42.7","2018-06-12","1.5",",,W",,,"0.0",",,W,2400",,,"23.9",",,W","13.9",",,W",,,"4.5",",,W","8.5",",,W",,,,,,,,,,,,,,
"USW00094728","NY CITY CENTRAL PARK, NY US","40.77898","-73.96925","42.7","2018-06-13","1.6",",,W",,,"1.0",",,W,2400",,,"25.6",",,W","17.2",",,W",,,"5.4",",,W","8.1",",,W","    1",",,W",,,,,,,,,,,"    1",",,W"
"USW00094728","NY CITY CENTRAL PARK, NY US","40.77898","-73.96925","42.7","2018-06-14","3.1",",,W",,,"0.0","T,,W,2400",,,"28.9",",,W","19.4",",,W",,,"6.7",",,W","12.1",",,W",,,,,,,,,,,,,,
"USW00094728","NY CITY CENTRAL PARK, NY US","40.77898","-73.96925","42.7","2018-06-15","1.4",",,W",,,"0.0",",,W,2400",,,"24.4",",,W","17.2",",,W",,,"5.8",",,W","8.9",",,W",,,,,,,,,,,,,"    1",",,W"
"USW00094728","NY CITY CENTRAL PARK, NY US","40.77898","-73.96925","42.7","2018-06-16","1.0",",,W",,,"0.0",",,W,2400",,,"29.4",",,W","17.8",",,W",,,"3.6",",,W","5.4",",,W",,,,,,,,,,,,,,
"USW00094728","NY CITY CENTRAL PARK, NY US","40.77898","-73.96925","42.7","2018-06-17","0.8",",,W",,,"0.0",",,W,2400",,,"32.8",",,W","18.9",",,W",,,"4.0",",,W","7.6",",,W",,,,,,,,,,,,,,
"USW00094728","NY CITY CENTRAL PARK, NY US","40.77898","-73.96925","42.7","2018-06-18","2.5",",,W",,,"2.0",",,W,2400",,,"32.8",",,W","22.8",",,W",,,"6.3",",,W","10.7",",,W","    1",",,W",,,"    1",",,W",,,,,,,,
"USW00094728","NY CITY CENTRAL PARK, NY US","40.77898","-73.96925","42.7","2018-06-19","1.7",",,W",,,"1.8",",,W,2400",,,"31.1",",,W","23.9",",,W",,,"5.4",",,W","8.9",",,W","    1",",,W",,,,,,,,,,,,
"USW00094728","NY CITY CENTRAL PARK, NY US","40.77898","-73.96925","42.7","2018-06-20","0.7",",,W",,,"2.3",",,W,2400",,,"28.3",",,W","20.6",",,W",,,"3.6",",,W","6.3",",,W","    1",",,W",,,,,,,,,,,"    1",",,W"
"USW00094728","NY CITY CENTRAL PARK, NY US","40.77898","-73.96925","42.7","2018-06-21","0.9",",,W",,,"15.0",",,W,2400",,,"28.3",",,W","18.3",",,W",,,"3.6",",,W","6.3",",,W","    1",",,W",,,,,,,,,,,,
"USW00094728","NY CITY CENTRAL PARK, NY US","40.77898","-73.96925","42.7","2018-06-22","2.1",",,W",,,"2.5",",,W,2400",,,"23.9",",,W","16.7",",,W",,,"4.5",",,W","7.2",",,W","    1",",,W",,,,,,,,,,,,
"USW00094728","NY CITY CENTRAL PARK, NY US","40.77898","-73.96925","42.7","2018-06-23","2.2",",,W",,,"0.0","T,,W,2400",,,"18.9",",,W","16.7",",,W",,,"5.8",",,W","8.9",",,W",,,,,,,,,,,,,,
"USW00094728","NY CITY CENTRAL PARK, NY US","40.77898","-73.96925","42.7","2018-06-24","1.0",",,W",,,"0.0","T,,W,2400",,,"28.9",",,W","18.9",",,W",,,"4.0",",,W","9.4",",,W","    1",",,W",,,"    1",",,W",,,,,,,"    1",",,W"
"USW00094728","NY CITY CENTRAL PARK, NY US","40.77898","-73.96925","42.7","2018-06-25","2.2",",,W",,,"0.0",",,W,2400",,,"27.2",",,W","19.4",",,W",,,"6.7",",,W","10.7",",,W",,,,,,,,,,,,,,
"USW00094728","NY CITY CENTRAL PARK, NY US","40.77898","-73.96925","42.7","2018-06-26","1.7",",,W",,,"0.0",",,W,2400",,,"25.6",",,W","16.1",",,W",,,"4.0",",,W","8.5",",,W",,,,,,,,,,,,,,
"USW00094728","NY CITY CENTRAL PARK, NY US","40.77898","-73.96925","42.7","2018-06-27","1.6",",,W",,,"0.3",",,W,2400",,,"22.8",",,W","18.9",",,W",,,"4.5",",,W","9.4",",,W","    1",",,W",,,,,,,,,,,,
"USW00094728","NY CITY CENTRAL PARK, NY US","40.77898","-73.96925","42.7","2018-06-28","1.3",",,W",,,"34.5",",,W,2400",,,"28.3",",,W","21.1",",,W",,,"5.8",",,W","8.9",",,W","    1",",,W","    1",",,W","    1",",,W",,,,,,,,
"USW00094728","NY CITY CENTRAL PARK, NY US","40.77898","-73.96925","42.7","2018-06-29","1.2",",,W",,,"0.0",",,W,2400",,,"31.7",",,W","21.1",",,W",,,"4.5",",,W","7.6",",,W",,,,,,,,,,,,,,
"USW00094728","NY CITY CENTRAL PARK, NY US","40.77898","-73.96925","42.7","2018-06-30","1.0",",,W",,,"0.0",",,W,2400",,,"33.9",",,W","22.2",",,W",,,"4.0",",,W","6.7",",,W",,,,,,,,,,,,,,
"USW00094728","NY CITY CENTRAL PARK, NY US","40.77898","-73.96925","42.7","2018-07-01","1.3",",,W",,,"0.0",",,W,2400",,,"35.6",",,W","26.1",",,W",,,"4.0",",,W","7.6",",,W",,,,,,,,,,,,,,
"USW00094728","NY CITY CENTRAL PARK, NY US","40.77898","-73.96925","42.7","2018-07-02","0.9",",,W",,,"0.0",",,W,2400",,,"35.0",",,W","26.1",",,W",,,"4.5",",,W","8.9",",,W",,,,,,,,,,,,,"    1",",,W"
"USW00094728","NY CITY CENTRAL PARK, NY US","40.77898","-73.96925","42.7","2018-07-03","0.5",",,W",,,"0.3",",,W,2400",,,"33.3",",,W","25.0",",,W",,,"4.0",",,W","5.8",",,W","    1",",,W",,,"    1",",,W",,,,,,,"    1",",,W"
"USW00094728","NY CITY CENTRAL PARK, NY US","40.77898","-73.96925","42.7","2018-07-04","0.5",",,W",,,"0.0",",,W,2400",,,"30.0",",,W","25.0",",,W",,,"3.1",",,W","5.4",",,W","    1",",,W",,,,,,,,,,,"    1",",,W"
"USW00094728","NY CITY CENTRAL PARK, NY US","40.77898","-73.96925","42.7","2018-07-05","1.3",",,W",,,"0.0",",,W,2400",,,"32.2",",,W","24.4",",,W",,,"4.5",",,W","8.1",",,W","    1",",,W",,,,,,,,,,,,
"USW00094728","NY CITY CENTRAL PARK, NY US","40.77898","-73.96925","42.7","2018-07-06","1.8",",,W",,,"5.8",",,W,2400",,,"26.7",",,W","20.6",",,W",,,"7.2",",,W","10.3",",,W","    1",",,W",,,"    1",",,W",,,,,,,,
"USW00094728","NY CITY CENTRAL PARK, NY US","40.77898","-73.96925","42.7","2018-07-07","2.4",",,W",,,"0.0",",,W,2400",,,"25.6",",,W","16.7",",,W",,,"6.7",",,W","10.7",",,W",,,,,,,,,,,,,,
"USW00094728","NY CITY CENTRAL PARK, NY US","40.77898","-73.96925","42.7","2018-07-08","0.9",",,W",,,"0.0",",,W,2400",,,"28.9",",,W","16.7",",,W",,,"3.6",",,W","5.8",",,W",,,,,,,,,,,,,,
"USW00094728","NY CITY CENTRAL PARK, NY US","40.77898","-73.96925","42.7","2018-07-09","1.2",",,W",,,"0.0",",,W,2400",,,"30.6",",,W","19.4",",,W",,,"4.0",",,W","6.3",",,W",,,,,,,,,,,,,,
"USW00094728","NY CITY CENTRAL PARK, NY US","40.77898","-73.96925","42.7","2018-07-10","1.7",",,W",,,"0.0",",,W,2400",,,"33.9",",,W","22.2",",,W",,,"4.5",",,W","7.6",",,W",,,,,,,,,,,,,,
"USW00094728","NY CITY CENTRAL PARK, NY US","40.77898","-73.96925","42.7","2018-07-11","1.2",",,W",,,"0.0",",,W,2400",,,"31.1",",,W","23.3",",,W",,,"5.4",",,W","8.5",",,W",,,,,,,,,,,,,,
"USW00094728","NY CITY CENTRAL PARK, NY US","40.77898","-73.96925","42.7","2018-07-12","0.6",",,W",,,"18.0",",,W,2400",,,"28.9",",,W","17.8",",,W",,,"4.0",",,W","6.7",",,W","    1",",,W",,,,,,,,,,,"    1",",,W"
"USW00094728","NY CITY CENTRAL PARK, NY US","40.77898","-73.96925","42.7","2018-07-13","0.9",",,W",,,"0.0",",,W,2400",,,"28.9",",,W","20.0",",,W",,,"4.0",",,W","7.2",",,W",,,,,,,,,,,,,,
"USW00094728","NY CITY CENTRAL PARK, NY US","40.77898","-73.96925","42.7","2018-07-14","1.6",",,W",,,"9.1",",,W,2400",,,"31.1",",,W","21.1",",,W",,,"5.8",",,W","9.8",",,W","    1",",,W",,,"    1",",,W",,,,,,,,
"USW00094728","NY CITY CENTRAL PARK, NY US","40.77898","-73.96925","42.7","2018-07-15","1.5",",,W",,,"16.3",",,W,2400",,,"28.3",",,W","20.6",",,W",,,"4.5",",,W","8.1",",,W","    1",",,W",,,"    1",",,W",,,,,,,,
"USW00094728","NY CITY CENTRAL PARK, NY US","40.77898","-73.96925","42.7","2018-07-16","1.0",",,W",,,"0.0",",,W,2400",,,"32.2",",,W","23.9",",,W",,,"3.6",",,W","7.2",",,W",,,,,,,,,,,,,,
"USW00094728","NY CITY CENTRAL PARK, NY US","40.77898","-73.96925","42.7","2018-07-17","1.2",",,W",,,"56.9",",,W,2400",,,"31.1",",,W","21.1",",,W",,,"7.2",",,W","12.1",",,W","    1",",,W",,,"    1",",,W",,,,,,,"    1",",,W"
"USW00094728","NY CITY CENTRAL PARK, NY US","40.77898","-73.96925","42.7","2018-07-18","1.5",",,W",,,"0.0",",,W,2400",,,"29.4",",,W","18.9",",,W",,,"5.4",",,W","9.8",",,W","    1",",,W",,,,,,,,,,,,
"USW00094728","NY CITY CENTRAL PARK, NY US","40.77898","-73.96925","42.7","2018-07-19","1.0",",,W",,,"0.0",",,W,2400",,,"28.3",",,W","18.9",",,W",,,"4.0",",,W","6.3",",,W",,,,,,,,,,,,,,
"USW00094728","NY CITY CENTRAL PARK, NY US","40.77898","-73.96925","42.7","2018-07-20","0.9",",,W",,,"0.0",",,W,2400",,,"27.8",",,W","20.6",",,W",,,"3.6",",,W","7.2",",,W",,,,,,,,,,,,,,
"USW00094728","NY CITY CENTRAL PARK, NY US","40.77898","-73.96925","42.7","2018-07-21","2.6",",,W",,,"16.0",",,W,2400",,,"26.1",",,W","18.3",",,W",,,"6.7",",,W","9.8",",,W","    1",",,W",,,,,,,,,,,,
"USW00094728","NY CITY CENTRAL PARK, NY US","40.77898","-73.96925","42.7","2018-07-22","1.5",",,W",,,"26.9",",,W,2400",,,"26.1",",,W","21.1",",,W",,,"6.3",",,W","13.4",",,W","    1",",,W","    1",",,W",,,,,,,,,,
"USW00094728","NY CITY CENTRAL PARK, NY US","40.77898","-73.96925","42.7","2018-07-23","2.0",",,W",,,"4.3",",,W,2400",,,"26.7",",,W","22.8",",,W",,,"5.4",",,W","11.6",",,W","    1",",,W",,,,,,,,,,,,
"USW00094728","NY CITY CENTRAL PARK, NY US","40.77898","-73.96925","42.7","2018-07-24","2.3",",,W",,,"0.5",",,W,2400",,,"27.8",",,W","23.9",",,W",,,"6.3",",,W","11.6",",,W","    1",",,W",,,,,,,,,,,,
"USW00094728","NY CITY CENTRAL PARK, NY US","40.77898","-73.96925","42.7","2018-07-25","1.7",",,W",,,"18.5",",,W,2400",,,"25.0",",,W","22.2",",,W",,,"5.8",",,W","14.3",",,W","    1",",,W",,,,,,,,,,,,
"USW00094728","NY CITY CENTRAL PARK, NY US","40.77898","-73.96925","42.7","2018-07-26","1.5",",,W",,,"0.8",",,W,2400",,,"29.4",",,W","22.2",",,W",,,"3.6",",,W","5.4",",,W","    1",",,W",,,,,,,,,,,,
"USW00094728","NY CITY CENTRAL PARK, NY US","40.77898","-73.96925","42.7","2018-07-27","1.1",",,W",,,"6.4",",,W,2400",,,"30.0",",,W","20.0",",,W",,,"5.4",",,W","9.4",",,W","    1",",,W",,,"    1",",,W",,,,,,,,
"USW00094728","NY CITY CENTRAL PARK, NY US","40.77898","-73.96925","42.7","2018-07-28","0.5",",,W",,,"0.0",",,W,2400",,,"29.4",",,W","21.1",",,W",,,"3.6",",,W","5.4",",,W","    1",",,W",,,,,,,,,,,"    1",",,W"
"USW00094728","NY CITY CENTRAL PARK, NY US","40.77898","-73.96925","42.7","2018-07-29","0.9",",,W",,,"0.0",",,W,2400",,,"27.8",",,W","21.1",",,W",,,"4.0",",,W","5.8",",,W",,,,,,,,,,,,,,
"USW00094728","NY CITY CENTRAL PARK, NY US","40.77898","-73.96925","42.7","2018-07-30","0.6",",,W",,,"9.4",",,W,2400",,,"25.6",",,W","20.0",",,W",,,"3.1",",,W","5.4",",,W","    1",",,W",,,,,,,,,,,"    1",",,W"
"USW00094728","NY CITY CENTRAL PARK, NY US","40.77898","-73.96925","42.7","2018-07-31","0.7",",,W",,,"0.0",",,W,2400",,,"27.8",",,W","20.0",",,W",,,"3.6",",,W","6.7",",,W",,,,,,,,,,,,,,
"USW00094728","NY CITY CENTRAL PARK, NY US","40.77898","-73.96925","42.7","2018-08-01","1.1",",,W",,,"2.5",",,W,2400",,,"28.9",",,W","23.3",",,W",,,"5.8",",,W","10.3",",,W","    1",",,W",,,,,,,,,,,,
"USW00094728","NY CITY CENTRAL PARK, NY US","40.77898","-73.96925","42.7","2018-08-02","1.2",",,W",,,"13.0",",,W,2400",,,"30.0",",,W","24.4",",,W",,,"4.5",",,W","8.9",",,W","    1",",,W",,,"    1",",,W",,,,,,,,
"USW00094728","NY CITY CENTRAL PARK, NY US","40.77898","-73.96925","42.7","2018-08-03","1.0",",,W",,,"6.1",",,W,2400",,,"29.4",",,W","22.8",",,W",,,"4.0",",,W","9.4",",,W","    1",",,W",,,"    1",",,W",,,,,,,"    1",",,W"
"USW00094728","NY CITY CENTRAL PARK, NY US","40.77898","-73.96925","42.7","2018-08-04","1.2",",,W",,,"18.8",",,W,2400",,,"28.9",",,W","22.2",",,W",,,"4.0",",,W","5.8",",,W","    1",",,W",,,,,,,,,,,,
"USW00094728","NY CITY CENTRAL PARK, NY US","40.77898","-73.96925","42.7","2018-08-05","0.5",",,W",,,"0.0",",,W,2400",,,"32.8",",,W","22.8",",,W",,,"3.1",",,W","5.4",",,W",,,,,,,,,,,,,,
"USW00094728","NY CITY CENTRAL PARK, NY US","40.77898","-73.96925","42.7","2018-08-06","0.9",",,W",,,"0.0",",,W,2400",,,"33.3",",,W","25.0",",,W",,,"4.5",",,W","7.6",",,W",,,,,,,,,,,,,,
"USW00094728","NY CITY CENTRAL PARK, NY US","40.77898","-73.96925","42.7","2018-08-07","1.7",",,W",,,"1.3",",,W,2400",,,"32.2",",,W","23.3",",,W",,,"4.5",",,W","9.8",",,W","    1",",,W",,,"    1",",,W",,,,,,,"    1",",,W"
"USW00094728","NY CITY CENTRAL PARK, NY US","40.77898","-73.96925","42.7","2018-08-08","0.7",",,W",,,"0.0",",,W,2400",,,"32.2",",,W","24.4",",,W",,,"3.6",",,W","6.3",",,W",,,,,,,,,,,,,,
"USW00094728","NY CITY CENTRAL PARK, NY US","40.77898","-73.96925","42.7","2018-08-09","1.3",",,W",,,"15.5",",,W,2400",,,"30.0",",,W","22.8",",,W",,,"5.4",",,W","9.4",",,W","    1",",,W",,,"    1",",,W",,,,,,,"    1",",,W"
"USW00094728","NY CITY CENTRAL PARK, NY US","40.77898","-73.96925","42.7","2018-08-10","0.6",",,W",,,"0.0","T,,W,2400",,,"30.0",",,W","22.2",",,W",,,"3.6",",,W","5.4",",,W",,,,,,,,,,,,,,
"USW00094728","NY CITY CENTRAL PARK, NY US","40.77898","-73.96925","42.7","2018-08-11","0.9",",,W",,,"73.7",",,W,2400",,,"26.7",",,W","21.1",",,W",,,"4.5",",,W","8.5",",,W","    1",",,W","    1",",,W","    1",",,W",,,,,,,,
"USW00094728","NY CITY CENTRAL PARK, NY US","40.77898","-73.96925","42.7","2018-08-12","1.3",",,W",,,"0.0","T,,W,2400",,,"28.9",",,W","22.2",",,W",,,"4.5",",,W","7.6",",,W","    1",",,W",,,"    1",",,W",,,,,,,,
"USW00094728","NY CITY CENTRAL PARK, NY US","40.77898","-73.96925","42.7","2018-08-13","1.5",",,W",,,"16.8",",,W,2400",,,"23.9",",,W","21.7",",,W",,,"5.4",",,W","8.9",",,W","    1",",,W",,,,,,,,,,,,
"USW00094728","NY CITY CENTRAL PARK, NY US","40.77898","-73.96925","42.7","2018-08-14","1.3",",,W",,,"20.1",",,W,2400",,,"27.8",",,W","21.7",",,W",,,"7.6",",,W","11.2",",,W","    1",",,W",,,"    1",",,W",,,,,,,"    1",",,W"
"USW00094728","NY CITY CENTRAL PARK, NY US","40.77898","-73.96925","42.7","2018-08-15","1.9",",,W",,,"0.0",",,W,2400",,,"30.0",",,W","21.1",",,W",,,"5.4",",,W","7.6",",,W",,,,,,,,,,,,,,
"USW00094728","NY CITY CENTRAL PARK, NY US","40.77898","-73.96925","42.7","2018-08-16","1.3",",,W",,,"0.0",",,W,2400",,,"31.1",",,W","24.4",",,W",,,"5.4",",,W","7.6",",,W",,,,,,,,,,,,,,
"USW00094728","NY CITY CENTRAL PARK, NY US","40.77898","-73.96925","42.7","2018-08-17","1.3",",,W",,,"26.4",",,W,2400",,,"30.6",",,W","22.2",",,W",,,"6.3",",,W","11.6",",,W","    1",",,W","    1",",,W","    1",",,W",,,,,,,"    1",",,W"
"USW00094728","NY CITY CENTRAL PARK, NY US","40.77898","-73.96925","42.7","2018-08-18","1.7",",,W",,,"1.8",",,W,2400",,,"29.4",",,W","21.7",",,W",,,"4.5",",,W","8.9",",,W","    1",",,W",,,"    1",",,W",,,,,,,,
"USW00094728","NY CITY CENTRAL PARK, NY US","40.77898","-73.96925","42.7","2018-08-19","2.1",",,W",,,"0.5",",,W,2400",,,"22.2",",,W","19.4",",,W",,,"5.8",",,W","8.9",",,W","    1",",,W",,,,,,,,,,,,
"USW00094728","NY CITY CENTRAL PARK, NY US","40.77898","-73.96925","42.7","2018-08-20","1.2",",,W",,,"0.0","T,,W,2400",,,"23.3",",,W","19.4",",,W",,,"4.5",",,W","7.6",",,W","    1",",,W",,,,,,,,,,,,
"USW00094728","NY CITY CENTRAL PARK, NY US","40.77898","-73.96925","42.7","2018-08-21","1.6",",,W",,,"2.8",",,W,2400",,,"26.1",",,W","18.9",",,W",,,"4.0",",,W","7.2",",,W","    1",",,W",,,"    1",",,W",,,,,,,,
"USW00094728","NY CITY CENTRAL PARK, NY US","40.77898","-73.96925","42.7","2018-08-22","1.8",",,W",,,"18.3",",,W,2400",,,"27.8",",,W","21.7",",,W",,,"5.4",",,W","8.9",",,W","    1",",,W",,,,,,,,,,,,
"USW00094728","NY CITY CENTRAL PARK, NY US","40.77898","-73.96925","42.7","2018-08-23","1.7",",,W",,,"0.0","T,,W,2400",,,"25.0",",,W","18.3",",,W",,,"4.5",",,W","7.2",",,W",,,,,,,,,,,,,,
"USW00094728","NY CITY CENTRAL PARK, NY US","40.77898","-73.96925","42.7","2018-08-24","0.5",",,W",,,"0.0",",,W,2400",,,"27.8",",,W","18.3",",,W",,,"3.6",",,W","6.3",",,W",,,,,,,,,,,,,,
"USW00094728","NY CITY CENTRAL PARK, NY US","40.77898","-73.96925","42.7","2018-08-25","0.8",",,W",,,"0.0",",,W,2400",,,"26.7",",,W","20.0",",,W",,,"3.1",",,W","5.4",",,W",,,,,,,,,,,,,,
"USW00094728","NY CITY CENTRAL PARK, NY US","40.77898","-73.96925","42.7","2018-08-26","1.5",",,W",,,"0.0",",,W,2400",,,"28.3",",,W","20.6",",,W",,,"5.8",",,W","8.1",",,W",,,,,,,,,,,,,,
"USW00094728","NY CITY CENTRAL PARK, NY US","40.77898","-73.96925","42.7","2018-08-27","1.1",",,W",,,"0.0",",,W,2400",,,"31.1",",,W","23.3",",,W",,,"3.6",",,W","5.4",",,W",,,,,,,,,,,,,,
"USW00094728","NY CITY CENTRAL PARK, NY US","40.77898","-73.96925","42.7","2018-08-28","1.7",",,W",,,"0.0",",,W,2400",,,"34.4",",,W","26.1",",,W",,,"5.4",",,W","8.9",",,W",,,,,,,,,,,,,"    1",",,W"
"USW00094728","NY CITY CENTRAL PARK, NY US","40.77898","-73.96925","42.7","2018-08-29","2.2",",,W",,,"0.0",",,W,2400",,,"33.3",",,W","27.2",",,W",,,"6.3",",,W","8.9",",,W",,,,,,,,,,,,,,
"USW00094728","NY CITY CENTRAL PARK, NY US","40.77898","-73.96925","42.7","2018-08-30","2.0",",,W",,,"0.0",",,W,2400",,,"32.2",",,W","25.6",",,W",,,"5.4",",,W","7.6",",,W",,,,,,,,,,,,,,
"USW00094728","NY CITY CENTRAL PARK, NY US","40.77898","-73.96925","42.7","2018-08-31","1.7",",,W",,,"0.8",",,W,2400",,,"25.6",",,W","20.6",",,W",,,"4.5",",,W","8.1",",,W","    1",",,W",,,,,,,,,,,,
"USW00094728","NY CITY CENTRAL PARK, NY US","40.77898","-73.96925","42.7","2018-09-01","1.1",",,W",,,"0.0",",,W,2400",,,"25.6",",,W","20.6",",,W",,,"3.6",",,W","6.7",",,W",,,,,,,,,,,,,,
"USW00094728","NY CITY CENTRAL PARK, NY US","40.77898","-73.96925","42.7","2018-09-02","0.9",",,W",,,"0.0",",,W,2400",,,"27.2",",,W","20.0",",,W",,,"4.0",",,W","6.3",",,W",,,,,,,,,,,,,,
"USW00094728","NY CITY CENTRAL PARK, NY US","40.77898","-73.96925","42.7","2018-09-03","1.2",",,W",,,"0.0",",,W,2400",,,"32.2",",,W","23.9",",,W",,,"4.0",",,W","5.8",",,W",,,,,,,,,,,,,,
"USW00094728","NY CITY CENTRAL PARK, NY US","40.77898","-73.96925","42.7","2018-09-04","0.9",",,W",,,"0.0",",,W,2400",,,"33.3",",,W","25.0",",,W",,,"3.1",",,W","4.9",",,W",,,,,,,,,,,,,,
"USW00094728","NY CITY CENTRAL PARK, NY US","40.77898","-73.96925","42.7","2018-09-05","0.6",",,W",,,"0.0",",,W,2400",,,"31.7",",,W","25.0",",,W",,,"2.7",",,W","7.2",",,W",,,,,,,,,,,,,,
"USW00094728","NY CITY CENTRAL PARK, NY US","40.77898","-73.96925","42.7","2018-09-06","1.3",",,W",,,"9.1",",,W,2400",,,"33.9",",,W","22.8",",,W",,,"7.2",",,W","13.9",",,W","    1",",,W",,,"    1",",,W",,,,,,,"    1",",,W"
"USW00094728","NY CITY CENTRAL PARK, NY US","40.77898","-73.96925","42.7","2018-09-07","2.8",",,W",,,"0.0","T,,W,2400",,,"23.9",",,W","20.6",",,W",,,"6.3",",,W","8.9",",,W","    1",",,W",,,,,,,,,,,,
"USW00094728","NY CITY CENTRAL PARK, NY US","40.77898","-73.96925","42.7","2018-09-08","2.8",",,W",,,"0.5",",,W,2400",,,"21.7",",,W","16.1",",,W",,,"6.7",",,W","9.4",",,W",,,,,,,,,,,,,,
"USW00094728","NY CITY CENTRAL PARK, NY US","40.77898","-73.96925","42.7","2018-09-09","2.7",",,W",,,"11.4",",,W,2400",,,"16.7",",,W","12.8",",,W",,,"5.8",",,W","9.8",",,W","    1",",,W",,,,,,,,,,,,
"USW00094728","NY CITY CENTRAL PARK, NY US","40.77898","-73.96925","42.7","2018-09-10","3.1",",,W",,,"23.6",",,W,2400",,,"17.8",",,W","12.2",",,W",,,"5.8",",,W","9.4",",,W","    1",",,W",,,,,,,,,,,,
"USW00094728","NY CITY CENTRAL PARK, NY US","40.77898","-73.96925","42.7","2018-09-11","0.6",",,W",,,"0.5",",,W,2400",,,"23.3",",,W","16.7",",,W",,,"3.6",",,W","4.9",",,W","    1",",,W",,,,,,,,,,,"    1",",,W"
"USW00094728","NY CITY CENTRAL PARK, NY US","40.77898","-73.96925","42.7","2018-09-12","0.1",",,W",,,"3.8",",,W,2400",,,"25.0",",,W","21.7",",,W",,,"2.2",",,W","3.1",",,W","    1",",,W",,,,,,,,,,,"    1",",,W"
"USW00094728","NY CITY CENTRAL PARK, NY US","40.77898","-73.96925","42.7","2018-09-13",,,,,"3.3",",,W,2400",,,"24.4",",,W","20.6",",,W",,,,,,,"    1",",,W",,,,,,,,,,,,
"USW00094728","NY CITY CENTRAL PARK, NY US","40.77898","-73.96925","42.7","2018-09-14",,,,,"0.0","T,,W,2400",,,"23.9",",,W","20.0",",,W",,,,,,,"    1",",,W",,,,,,,,,,,,
"USW00094728","NY CITY CENTRAL PARK, NY US","40.77898","-73.96925","42.7","2018-09-15",,,,,"0.0",",,W,2400",,,"26.7",",,W","19.4",",,W",,,,,,,,,,,,,,,,,,,,
"USW00094728","NY CITY CENTRAL PARK, NY US","40.77898","-73.96925","42.7","2018-09-16",,,,,"0.0",",,W,2400",,,"28.9",",,W","19.4",",,W",,,,,,,,,,,,,,,,,,,,
"USW00094728","NY CITY CENTRAL PARK, NY US","40.77898","-73.96925","42.7","2018-09-17","0.0",",,W",,,"0.3",",,W,2400",,,"26.1",",,W","20.0",",,W",,,"3.1",",,W","5.8",",,W",,,,,,,,,,,,,,
"USW00094728","NY CITY CENTRAL PARK, NY US","40.77898","-73.96925","42.7","2018-09-18","0.9",",,W",,,"30.2",",,W,2400",,,"26.1",",,W","21.1",",,W",,,"4.5",",,W","9.8",",,W","    1",",,W",,,"    1",",,W",,,,,,,,
"USW00094728","NY CITY CENTRAL PARK, NY US","40.77898","-73.96925","42.7","2018-09-19","1.6",",,W",,,"0.0","T,,W,2400",,,"27.2",",,W","20.0",",,W",,,"4.5",",,W","7.6",",,W",,,,,,,,,,,,,,
"USW00094728","NY CITY CENTRAL PARK, NY US","40.77898","-73.96925","42.7","2018-09-20","1.1",",,W",,,"0.0",",,W,2400",,,"22.2",",,W","18.3",",,W",,,"4.5",",,W","7.2",",,W",,,,,,,,,,,,,,
"USW00094728","NY CITY CENTRAL PARK, NY US","40.77898","-73.96925","42.7","2018-09-21","0.9",",,W",,,"0.0",",,W,2400",,,"22.2",",,W","19.4",",,W",,,"3.6",",,W","7.6",",,W",,,,,,,,,,,,,,
"USW00094728","NY CITY CENTRAL PARK, NY US","40.77898","-73.96925","42.7","2018-09-22","2.3",",,W",,,"0.0",",,W,2400",,,"23.3",",,W","16.7",",,W",,,"4.5",",,W","9.8",",,W",,,,,,,,,,,,,,
"USW00094728","NY CITY CENTRAL PARK, NY US","40.77898","-73.96925","42.7","2018-09-23","1.4",",,W",,,"0.0","T,,W,2400",,,"18.9",",,W","15.6",",,W",,,"4.0",",,W","5.8",",,W",,,,,,,,,,,,,,
"USW00094728","NY CITY CENTRAL PARK, NY US","40.77898","-73.96925","42.7","2018-09-24","3.2",",,W",,,"0.0",",,W,2400",,,"20.6",",,W","13.9",",,W",,,"7.2",",,W","10.3",",,W",,,,,,,,,,,,,,
"USW00094728","NY CITY CENTRAL PARK, NY US","40.77898","-73.96925","42.7","2018-09-25","1.5",",,W",,,"49.5",",,W,2400",,,"22.8",",,W","15.0",",,W",,,"5.4",",,W","9.8",",,W","    1",",,W",,,,,,,,,,,,
"USW00094728","NY CITY CENTRAL PARK, NY US","40.77898","-73.96925","42.7","2018-09-26","0.8",",,W",,,"5.3",",,W,2400",,,"27.8",",,W","20.6",",,W",,,"4.5",",,W","8.5",",,W","    1",",,W",,,"    1",",,W",,,,,,,,
"USW00094728","NY CITY CENTRAL PARK, NY US","40.77898","-73.96925","42.7","2018-09-27","1.9",",,W",,,"0.0","T,,W,2400",,,"22.2",",,W","16.1",",,W",,,"5.8",",,W","8.5",",,W",,,,,,,,,,,,,"    1",",,W"
"USW00094728","NY CITY CENTRAL PARK, NY US","40.77898","-73.96925","42.7","2018-09-28","1.7",",,W",,,"19.6",",,W,2400",,,"18.3",",,W","13.3",",,W",,,"6.3",",,W","8.9",",,W","    1",",,W",,,,,,,,,,,,
"USW00094728","NY CITY CENTRAL PARK, NY US","40.77898","-73.96925","42.7","2018-09-29","1.1",",,W",,,"0.0",",,W,2400",,,"22.2",",,W","14.4",",,W",,,"3.6",",,W","5.8",",,W",,,,,,,,,,,,,,
"USW00094728","NY CITY CENTRAL PARK, NY US","40.77898","-73.96925","42.7","2018-09-30","1.1",",,W",,,"0.0",",,W,2400",,,"21.1",",,W","12.2",",,W",,,"3.6",",,W","5.4",",,W",,,,,,,,,,,,,,
